<?xml version="1.0" encoding="UTF-8" standalone="yes"?>
<addon id="script.moonlight-embedded-launcher" name="Moonlight Embedded Launcher" version="0.0.1" provider-name="clarkemw">
    <requires>
        <import addon="xbmc.python" version="2.25.0"/>


    </requires>
    <extension point="xbmc.python.script" library="main.py">
        <provides>executable game</provides>
    </extension>
    <extension point="xbmc.addon.metadata">
        <summary lang="en_GB">Launcher for moonlight-embedded game streaming on LibreELEC/Raspberry Pi devices</summary>
        <description lang="en_GB"></description>
        <language></language>
        <platform>linux</platform>
        <license>MIT</license>
        <forum></forum>
        <website>https://github.com/clarkemw/moonlight-embedded-launcher</website>
        <email>mcs5280@gmail.com</email>
        <source></source>
        <news></news>
        <disclaimer></disclaimer>
        <assets>
            <icon>resources/icon.png</icon>
            <fanart>resources/fanart.jpg</fanart>
        </assets>
    </extension>
</addon>
